,ID,Description,GeneRatio,BgRatio,RichFactor,FoldEnrichment,zScore,pvalue,p.adjust,qvalue,geneID,Count
GO:0030198,GO:0030198,extracellular matrix organization,15/275,339/18986,0.044247788,3.054867257,4.628095201,0.000135158,0.135930464,0.130490817,VWA1/CTSK/EFEMP2/MMP19/COL4A1/COL4A2/MMP2/ADAMTS10/COL9A3/ADAMTS5/COL18A1/IMPG2/POMT1/ADAMTS13/LUM,15
GO:0043062,GO:0043062,extracellular structure organization,15/275,340/18986,0.044117647,3.045882353,4.614773851,0.000139589,0.135930464,0.130490817,VWA1/CTSK/EFEMP2/MMP19/COL4A1/COL4A2/MMP2/ADAMTS10/COL9A3/ADAMTS5/COL18A1/IMPG2/POMT1/ADAMTS13/LUM,15
GO:0045229,GO:0045229,external encapsulating structure organization,15/275,341/18986,0.04398827,3.036950147,4.601501245,0.000144147,0.135930464,0.130490817,VWA1/CTSK/EFEMP2/MMP19/COL4A1/COL4A2/MMP2/ADAMTS10/COL9A3/ADAMTS5/COL18A1/IMPG2/POMT1/ADAMTS13/LUM,15
GO:0048568,GO:0048568,embryonic organ development,13/275,458/18986,0.028384279,1.959650655,2.520314745,0.016534222,0.512429884,0.491923537,KCNQ4/STOX1/GLI1/TBX6/HOXB3/COL18A1/WDR19/TEAD3/AHI1/FGFR1/PCSK5/CDK20/HOXA2,13
GO:0010975,GO:0010975,regulation of neuron projection development,12/275,452/18986,0.026548673,1.832920354,2.172757518,0.032574384,0.512429884,0.491923537,TRIM46/NTRK1/SLIT1/AVIL/MINAR1/TBX6/ARHGAP33/FN1/GPC2/NEFL/FGFR1/GPRASP3,12
GO:0002009,GO:0002009,morphogenesis of an epithelium,12/275,500/18986,0.024,1.65696,1.804785544,0.061089397,0.534154723,0.512778994,AJAP1/STOX1/MMRN2/STARD13/COL4A1/TBX6/MMP2/WNT6/AHI1/NKX3-1/FGFR1/CDK20,12
GO:1902903,GO:1902903,regulation of supramolecular fiber organization,11/275,400/18986,0.0275,1.8986,2.202047038,0.032024017,0.512429884,0.491923537,HSPG2/EFEMP2/AVIL/CHRNA7/SPTBN5/HDGFL3/BAIAP2L2/EPHA1/RHPN1/TMSB15B/TMSB15C,11
GO:0007389,GO:0007389,pattern specification process,11/275,476/18986,0.023109244,1.595462185,1.595062122,0.087002396,0.554346346,0.532162592,GLI1/TBX6/HOXB3/WNT6/ACVR2B/WDR19/AHI1/NKX3-1/FGFR1/PCSK5/HOXA2,11
GO:0007018,GO:0007018,microtubule-based movement,11/275,480/18986,0.022916667,1.582166667,1.566155296,0.090924762,0.554660022,0.532463715,DYNLT4/TRIM46/KLC2/IFT81/NETO1/CFAP44/WDR19/EFHC1/NEFL/KIFC2/DNAH14,11
